{"type": "a", "v_group": {"v": ["TRAV1-1", "TRAV1-2", "TRAV10", "TRAV12-1", "TRAV12-2", "TRAV12-3", "TRAV13-1", "TRAV13-2", "TRAV14DV4", "TRAV16", "TRAV17", "TRAV19", "TRAV2", "TRAV20", "TRAV21", "TRAV22", "TRAV23DV6", "TRAV24", "TRAV25", "TRAV26-1", "TRAV27", "TRAV29DV5", "TRAV3", "TRAV30", "TRAV35", "TRAV38-2DV8", "TRAV39", "TRAV4", "TRAV41", "TRAV5", "TRAV6", "TRAV8-1", "TRAV8-3", "TRAV8-4", "TRAV8-6", "TRAV9-2", "TRDV1"], "freq": [0.010073385624499397, 0.034809464364315965, 1.4431784562320053e-05, 0.05009994010809406, 0.0038893659395452546, 0.006184019684954143, 0.03657735797320017, 0.017967571780088464, 0.04673733430507349, 0.0021791994689103283, 0.0403079742825599, 0.027990446158619744, 0.02389903523520201, 0.08754320515503346, 0.07173318516701183, 0.017159391844598547, 1.4431784562320053e-05, 1.4431784562320053e-05, 7.215892281160028e-06, 0.004921238535751138, 0.05638498228498444, 0.11513677723818935, 0.024902044262283252, 0.008709581983360153, 0.002056529300130608, 0.06555638137433883, 0.014821442745502695, 0.027874991882121183, 7.215892281160028e-06, 0.018833478853827676, 0.030393338288246034, 0.010823838421740041, 0.011913438156195204, 0.06339882958227198, 0.028372888449521225, 5.772713824928021e-05, 0.03863388727333078]}, "d_group": {"d": ["."], "freq": [0.9999999999999983]}, "j_group": {"j": ["TRAJ10", "TRAJ11", "TRAJ12", "TRAJ13", "TRAJ15", "TRAJ16", "TRAJ17", "TRAJ18", "TRAJ20", "TRAJ21", "TRAJ22", "TRAJ23", "TRAJ24", "TRAJ26", "TRAJ27", "TRAJ28", "TRAJ29", "TRAJ3", "TRAJ30", "TRAJ31", "TRAJ32", "TRAJ33", "TRAJ34", "TRAJ35", "TRAJ36", "TRAJ37", "TRAJ38", "TRAJ39", "TRAJ4", "TRAJ40", "TRAJ41", "TRAJ42", "TRAJ43", "TRAJ44", "TRAJ45", "TRAJ47", "TRAJ48", "TRAJ49", "TRAJ5", "TRAJ52", "TRAJ53", "TRAJ54", "TRAJ56", "TRAJ57", "TRAJ58", "TRAJ6", "TRAJ7", "TRAJ8", "TRAJ9"], "freq": [7.215892281160028e-06, 0.02759357208315594, 0.028661524140767624, 0.009120887843386273, 0.01932415952894655, 0.011805199771977805, 0.014684340792160657, 0.010463043807682041, 0.015102862544467938, 0.01307519681346197, 0.00824054898508475, 0.0321684477894114, 7.215892281160028e-06, 0.0415346759703571, 0.03269520792593608, 7.215892281160028e-06, 0.015153373790436058, 0.00015153373790436058, 0.05606748302461342, 0.008327139692458671, 0.031699414791135985, 0.008918842859513793, 0.011249576066328482, 9.380659965508035e-05, 0.013342184827864891, 0.015319339312902738, 0.0021286882229422078, 0.049262896603479496, 0.0323849245578462, 0.03308486610911872, 0.02153943845926268, 0.015586327327305659, 0.051723515871355076, 0.0038532864781394547, 0.05941565704307166, 0.025082441569312254, 0.0314973698072635, 0.058896112798828115, 0.019511772728256715, 0.01332775304330257, 0.017967571780088468, 0.009445602996038477, 0.036418608343014656, 0.006270610392328063, 0.006090213085299063, 0.04452205537475737, 0.0069489042667571065, 0.018588138516268234, 0.011639234249511124]}, "v_j_group": {"v": ["TRAV1-1", "TRAV1-1", "TRAV1-1", "TRAV1-1", "TRAV1-1", "TRAV1-2", "TRAV1-2", "TRAV1-2", "TRAV10", "TRAV12-1", "TRAV12-1", "TRAV12-1", "TRAV12-1", "TRAV12-1", "TRAV12-1", "TRAV12-2", "TRAV12-2", "TRAV12-2", "TRAV12-2", "TRAV12-3", "TRAV12-3", "TRAV13-1", "TRAV13-1", "TRAV13-1", "TRAV13-1", "TRAV13-1", "TRAV13-1", "TRAV13-2", "TRAV13-2", "TRAV13-2", "TRAV14DV4", "TRAV14DV4", "TRAV14DV4", "TRAV14DV4", "TRAV14DV4", "TRAV14DV4", "TRAV16", "TRAV16", "TRAV16", "TRAV17", "TRAV17", "TRAV17", "TRAV17", "TRAV17", "TRAV17", "TRAV19", "TRAV19", "TRAV19", "TRAV19", "TRAV19", "TRAV19", "TRAV2", "TRAV2", "TRAV2", "TRAV20", "TRAV20", "TRAV20", "TRAV20", "TRAV20", "TRAV20", "TRAV20", "TRAV20", "TRAV21", "TRAV21", "TRAV21", "TRAV21", "TRAV21", "TRAV21", "TRAV21", "TRAV21", "TRAV22", "TRAV22", "TRAV23DV6", "TRAV24", "TRAV25", "TRAV26-1", "TRAV26-1", "TRAV27", "TRAV27", "TRAV27", "TRAV27", "TRAV27", "TRAV27", "TRAV27", "TRAV29DV5", "TRAV29DV5", "TRAV29DV5", "TRAV29DV5", "TRAV29DV5", "TRAV29DV5", "TRAV29DV5", "TRAV29DV5", "TRAV29DV5", "TRAV29DV5", "TRAV29DV5", "TRAV29DV5", "TRAV29DV5", "TRAV29DV5", "TRAV29DV5", "TRAV29DV5", "TRAV29DV5", "TRAV29DV5", "TRAV3", "TRAV3", "TRAV3", "TRAV3", "TRAV3", "TRAV3", "TRAV3", "TRAV3", "TRAV3", "TRAV30", "TRAV30", "TRAV30", "TRAV30", "TRAV35", "TRAV35", "TRAV35", "TRAV35", "TRAV35", "TRAV38-2DV8", "TRAV38-2DV8", "TRAV38-2DV8", "TRAV38-2DV8", "TRAV38-2DV8", "TRAV38-2DV8", "TRAV39", "TRAV39", "TRAV4", "TRAV4", "TRAV4", "TRAV41", "TRAV5", "TRAV5", "TRAV5", "TRAV6", "TRAV6", "TRAV6", "TRAV8-1", "TRAV8-1", "TRAV8-1", "TRAV8-1", "TRAV8-1", "TRAV8-3", "TRAV8-3", "TRAV8-4", "TRAV8-4", "TRAV8-4", "TRAV8-4", "TRAV8-4", "TRAV8-4", "TRAV8-4", "TRAV8-4", "TRAV8-4", "TRAV8-4", "TRAV8-4", "TRAV8-4", "TRAV8-4", "TRAV8-4", "TRAV8-6", "TRAV8-6", "TRAV8-6", "TRAV8-6", "TRAV8-6", "TRAV8-6", "TRAV8-6", "TRAV8-6", "TRAV9-2", "TRDV1", "TRDV1", "TRDV1", "TRDV1", "TRDV1", "TRDV1"], "j": ["TRAJ15", "TRAJ20", "TRAJ26", "TRAJ31", "TRAJ32", "TRAJ12", "TRAJ3", "TRAJ36", "TRAJ20", "TRAJ21", "TRAJ22", "TRAJ23", "TRAJ48", "TRAJ49", "TRAJ9", "TRAJ27", "TRAJ28", "TRAJ58", "TRAJ9", "TRAJ11", "TRAJ21", "TRAJ13", "TRAJ26", "TRAJ30", "TRAJ39", "TRAJ47", "TRAJ48", "TRAJ11", "TRAJ15", "TRAJ49", "TRAJ16", "TRAJ4", "TRAJ53", "TRAJ6", "TRAJ7", "TRAJ9", "TRAJ37", "TRAJ38", "TRAJ42", "TRAJ11", "TRAJ12", "TRAJ29", "TRAJ45", "TRAJ49", "TRAJ9", "TRAJ12", "TRAJ4", "TRAJ53", "TRAJ54", "TRAJ56", "TRAJ6", "TRAJ18", "TRAJ26", "TRAJ32", "TRAJ17", "TRAJ26", "TRAJ27", "TRAJ30", "TRAJ31", "TRAJ33", "TRAJ41", "TRAJ48", "TRAJ26", "TRAJ42", "TRAJ43", "TRAJ45", "TRAJ47", "TRAJ53", "TRAJ56", "TRAJ6", "TRAJ21", "TRAJ34", "TRAJ56", "TRAJ15", "TRAJ12", "TRAJ30", "TRAJ32", "TRAJ24", "TRAJ26", "TRAJ27", "TRAJ4", "TRAJ42", "TRAJ45", "TRAJ49", "TRAJ13", "TRAJ15", "TRAJ21", "TRAJ23", "TRAJ26", "TRAJ27", "TRAJ32", "TRAJ34", "TRAJ39", "TRAJ40", "TRAJ42", "TRAJ43", "TRAJ45", "TRAJ48", "TRAJ49", "TRAJ52", "TRAJ54", "TRAJ58", "TRAJ12", "TRAJ17", "TRAJ23", "TRAJ27", "TRAJ29", "TRAJ33", "TRAJ44", "TRAJ5", "TRAJ6", "TRAJ35", "TRAJ41", "TRAJ49", "TRAJ52", "TRAJ20", "TRAJ30", "TRAJ33", "TRAJ39", "TRAJ54", "TRAJ30", "TRAJ42", "TRAJ43", "TRAJ47", "TRAJ49", "TRAJ57", "TRAJ32", "TRAJ49", "TRAJ20", "TRAJ29", "TRAJ39", "TRAJ48", "TRAJ34", "TRAJ37", "TRAJ8", "TRAJ37", "TRAJ6", "TRAJ9", "TRAJ17", "TRAJ32", "TRAJ39", "TRAJ40", "TRAJ9", "TRAJ42", "TRAJ43", "TRAJ10", "TRAJ15", "TRAJ22", "TRAJ23", "TRAJ30", "TRAJ37", "TRAJ39", "TRAJ43", "TRAJ45", "TRAJ48", "TRAJ49", "TRAJ54", "TRAJ57", "TRAJ9", "TRAJ13", "TRAJ22", "TRAJ30", "TRAJ31", "TRAJ37", "TRAJ40", "TRAJ49", "TRAJ6", "TRAJ48", "TRAJ23", "TRAJ32", "TRAJ45", "TRAJ5", "TRAJ54", "TRAJ57"],